Id,Date,Original,Calculated,TotalSentimentWords,Anger,Anticipation,Disgust,Fear,Joy,Sadness,Surprise,Trust,TotalWords
2_20661,03/07/2014 23:15:51,5,1,220,2,14,0,0,14,8,4,10,453
2_20568,02/10/2014 15:07:16,5,1.75489676940216,256,2,10,0,11,2,5,1,15,557
2_20498,02/09/2014 09:36:17,5,2.51457729478026,208,5,14,2,4,9,1,7,20,524
2_20219,01/09/2014 13:32:45,5,1,264,12,16,5,23,0,11,2,23,589
2_20092,01/07/2014 05:48:26,5,1.78588176135941,270,11,13,6,12,5,7,6,15,594
2_20375,02/05/2014 00:34:12,5,1,251,12,13,1,19,5,1,2,19,493
2_20484,02/09/2014 20:36:05,5,3.04890926882916,224,3,12,1,4,8,3,2,10,560
2_20377,02/07/2014 00:06:45,5,4.51454638043857,375,7,40,4,7,10,4,7,26,741
2_20164,01/07/2014 00:00:29,5,4.05888743741361,270,1,11,0,10,7,1,0,22,536
2_20906,04/07/2014 19:25:34,5,2.00000400746953,285,13,14,2,19,6,12,3,22,604
2_20016,01/05/2014 21:03:46,5,1,237,10,11,7,11,7,13,7,28,495
2_20011,01/05/2014 18:06:50,5,3.96046594955024,378,8,33,2,5,16,6,6,30,750
2_20528,02/09/2014 20:42:42,5,1.60769374083651,255,11,26,6,7,17,3,9,21,569
2_20483,02/09/2014 20:36:05,5,3.04890926882916,218,3,12,1,4,8,3,2,10,547
2_20362,02/05/2014 00:09:08,5,1,245,12,13,1,19,5,1,2,19,479
2_20719,03/07/2014 22:46:22,5,4.90686414661821,215,4,19,1,2,14,3,7,25,451
2_20019,01/05/2014 11:06:36,5,3.35940154452325,352,7,24,2,10,11,5,4,26,791
2_20675,03/07/2014 10:00:38,5,1,193,16,12,3,23,3,14,2,10,441
2_20715,03/07/2014 20:32:57,5,1.46949052384053,395,19,25,6,26,8,23,6,31,910
2_20094,01/07/2014 05:48:26,5,1.78588176135941,270,11,13,6,12,5,7,6,15,593
2_20542,02/09/2014 21:09:40,5,1.00000601120846,438,34,35,9,35,5,11,9,27,998
2_20678,03/07/2014 20:32:57,5,1.54749261400343,391,19,25,6,26,8,23,6,31,899
2_20721,03/07/2014 20:19:02,5,1,220,11,13,4,12,9,12,7,27,447
2_20169,01/07/2014 21:51:04,5,1,213,7,14,2,11,4,7,5,15,429
2_20754,03/09/2014 17:37:11,5,3.64384969771358,296,5,16,3,8,7,4,3,25,628
2_20469,02/09/2014 21:07:27,5,1.60090995010072,380,23,28,11,25,12,9,13,38,791
2_20297,01/10/2014 18:28:35,5,1,289,10,18,4,22,6,6,2,27,564
2_20303,01/10/2014 17:43:39,5,1.38995162402473,437,16,23,10,27,18,41,9,43,911
2_20848,03/10/2014 08:11:00,5,1.41506154379545,235,6,24,0,5,20,4,11,28,480
2_20936,04/07/2014 18:39:02,5,1,319,26,19,6,27,3,22,1,26,691
2_20974,04/09/2014 15:05:14,5,2.2630440236725,220,11,16,4,9,8,11,6,17,498
2_20487,02/09/2014 12:56:07,5,1.58497108813541,342,4,30,4,14,8,8,12,18,731
2_20285,01/10/2014 08:50:09,5,2.64950368642192,470,12,35,4,15,22,7,14,36,943
2_21303,05/10/2014 20:14:32,5,2.34792705065825,286,4,11,1,1,3,4,2,10,572
2_21003,04/09/2014 18:08:55,5,2.44057503202471,265,15,6,7,15,7,10,3,15,553
2_20636,03/07/2014 16:33:57,5,1,359,30,24,7,36,7,23,4,28,850
2_20509,02/09/2014 16:45:11,5,3.70043278217727,442,3,34,2,0,30,11,15,37,1048
2_21005,04/09/2014 20:48:11,5,1.49750743866493,319,8,19,2,11,10,6,9,24,652
2_21169,05/06/2014 14:58:27,5,2.2872842954332,385,10,20,1,16,8,9,5,23,764
2_20490,02/09/2014 18:26:17,5,1.16004457133022,850,25,40,13,35,23,19,17,100,1757
2_21447,06/06/2014 19:10:12,5,1.5849775286223,244,10,12,1,7,6,2,4,17,539
2_21541,06/10/2014 23:30:08,5,1,286,11,8,4,18,7,12,6,20,610
2_21638,07/07/2014 09:21:27,5,1,325,10,15,5,8,13,11,2,24,684
2_21297,05/10/2014 12:10:02,5,4.31193954972985,471,5,32,1,7,11,2,7,47,940
2_21637,07/07/2014 09:21:27,5,1,320,10,15,6,8,13,11,2,24,680
2_21256,05/09/2014 17:56:29,5,2.9286156695765,449,14,30,6,19,26,13,13,44,981
2_22120,09/06/2014 16:32:32,5,2.35090953783026,312,8,20,4,7,10,6,5,23,688
2_21988,08/09/2014 18:01:45,5,1,381,14,31,5,26,7,17,7,25,820
2_21792,07/10/2014 17:28:10,5,1,404,19,21,8,27,20,17,3,49,798
2_21297,05/10/2014 12:10:02,5,4.31193954972985,471,5,32,1,7,11,2,7,47,940
2_22253,09/09/2014 04:36:09,5,4.13749565456149,318,8,23,1,8,5,4,3,21,691
2_21973,08/09/2014 14:37:13,5,1,413,14,27,10,21,13,28,4,26,911
2_22254,09/09/2014 23:52:39,5,2.35230522275099,363,7,23,1,6,10,6,3,43,781
2_21810,08/06/2014 16:57:50,5,3.2150121775526,420,10,23,3,11,21,18,6,34,872
2_22310,09/09/2014 23:12:05,5,1,195,5,13,2,6,8,2,3,18,458
2_21685,07/09/2014 17:01:56,5,4.99998196649984,443,12,24,4,19,19,7,10,45,953
2_22252,09/09/2014 04:36:09,5,4.13749565456149,310,8,23,1,8,5,4,3,21,678
2_22281,09/09/2014 00:00:39,5,2.63227030972226,316,4,29,4,6,9,8,4,19,689
2_22731,11/09/2014 20:13:49,5,2.41504351044556,192,1,11,3,4,4,1,2,16,346
2_22509,10/09/2014 14:00:36,5,5,233,3,22,3,2,13,9,4,13,502
2_22386,09/10/2014 13:23:22,5,2.32193079992957,296,9,20,4,7,18,21,8,22,600
2_22431,10/06/2014 22:29:37,5,3.19264378983045,319,2,25,3,4,8,3,6,15,627
2_22549,10/09/2014 18:56:56,5,1,236,9,20,3,11,4,8,5,18,535
2_22524,10/09/2014 18:56:56,5,1,242,9,20,3,11,4,8,5,18,548
2_22800,11/09/2014 07:49:12,5,3.13244956591885,216,3,27,3,10,17,8,12,26,464
2_22272,09/09/2014 19:11:29,5,1.13650781226888,499,24,38,11,39,12,25,10,49,1098
2_21002,04/09/2014 13:44:49,5,3.1069149396873,585,11,29,5,16,14,10,7,53,1271
2_22516,10/09/2014 11:48:33,5,1.41505352904563,225,4,8,2,6,6,4,7,26,519
2_22349,09/10/2014 20:45:23,5,1,398,14,19,5,17,11,31,4,38,810
2_22385,09/10/2014 02:55:28,5,3.7369607852148,262,9,23,4,5,17,3,7,21,582
2_22911,12/09/2014 02:36:40,5,,129,1,5,0,1,3,1,0,9,266
2_22272,09/09/2014 19:11:29,5,1.13650781226888,499,24,38,11,39,12,25,10,49,1098
2_22495,10/09/2014 07:16:23,5,4.43910638060174,456,6,40,1,18,14,8,5,19,965
2_22606,10/10/2014 13:29:10,5,1.60652773087284,281,7,21,7,11,11,8,9,27,577
2_22534,10/09/2014 19:06:09,5,1.28951117114309,404,16,30,8,20,16,15,14,41,945
2_23207,13/10/2014 18:00:41,5,1,190,10,12,1,12,4,5,5,11,428
2_22571,10/09/2014 11:48:33,5,1.41505352904563,224,4,8,2,6,6,4,7,25,515
2_22151,09/06/2014 14:11:01,5,3.67806829839457,490,6,23,2,10,9,10,5,37,1056
2_22902,12/06/2014 18:18:50,5,1,280,14,17,2,15,14,29,1,35,559
2_22746,11/09/2014 16:54:28,5,1.2630512370936,381,18,20,10,14,7,7,7,25,758
2_23408,14/10/2014 16:29:20,5,1,225,8,12,2,11,6,22,4,20,456
2_23398,14/10/2014 15:16:05,5,1.04581706934096,243,5,12,4,13,9,21,4,22,534
2_23399,14/10/2014 16:29:20,5,1,241,10,13,4,13,8,24,4,23,487
2_23397,14/10/2014 09:35:29,5,1,316,10,15,3,13,9,18,8,31,676
2_22935,12/09/2014 18:58:10,5,1.67807911854576,326,9,27,3,10,12,13,5,21,686
2_22897,12/06/2014 15:19:40,5,2.77760929614436,220,2,14,3,5,12,9,5,25,455
2_23378,14/09/2014 21:01:24,5,1.44980970360319,263,9,10,5,14,4,10,7,16,560
2_23500,15/08/2014 12:38:25,5,1,197,4,12,2,3,2,5,1,12,374
2_23958,16/10/2014 21:56:32,5,1,142,1,10,1,1,3,6,2,10,286
2_22496,10/09/2014 07:16:23,5,4.43910638060174,456,6,40,1,18,14,8,5,19,964
2_22809,12/06/2014 23:26:52,5,1.80736071857042,585,20,39,2,24,24,45,9,66,1272
2_23206,13/10/2014 16:10:12,5,1.16350615182346,353,3,27,2,9,10,10,6,29,740
2_23547,15/08/2014 00:45:19,5,5,248,0,10,0,1,3,0,2,14,545
2_23691,15/10/2014 01:55:11,5,1,241,8,9,7,21,1,17,3,14,529
2_23623,15/09/2014 21:09:08,5,3.7484565614499,333,8,12,5,14,6,11,3,17,807
2_24096,17/06/2014 12:54:25,5,1,277,16,23,4,18,7,12,6,24,598
2_23579,15/09/2014 18:54:50,5,2.81942832011917,338,17,14,6,17,6,10,1,28,677
2_23345,14/09/2014 11:25:04,5,4.10892526799439,394,2,23,3,5,5,5,8,36,810
2_24151,17/08/2014 12:41:06,5,4.16990496437297,240,1,17,0,1,10,1,1,26,521
2_24108,17/06/2014 11:07:40,5,2.58496468661114,316,8,23,3,11,28,20,6,29,627
2_24112,17/08/2014 18:25:05,5,3.50249680453706,306,5,28,2,2,13,3,5,19,643
2_23227,13/10/2014 00:02:52,5,4.14885822027893,686,6,31,1,12,13,6,16,55,1434
2_24328,17/10/2014 19:11:53,5,2.59790406302593,247,1,33,1,3,19,11,5,38,590
2_23959,16/10/2014 19:04:40,5,3.50249680453706,482,10,20,2,9,11,2,8,49,983
2_24531,18/08/2014 20:47:46,5,2.00001803334989,233,4,10,0,4,5,0,3,18,507
2_23960,16/10/2014 19:04:40,5,3.50249680453706,480,10,20,2,9,11,2,8,49,982
2_24293,17/10/2014 18:18:39,5,3.58495648955444,307,24,18,5,10,19,13,9,31,588
2_23720,15/10/2014 18:56:16,5,2.11464532296227,449,13,25,7,11,17,5,11,61,895
2_22934,12/09/2014 19:06:39,5,3.35230107885996,809,21,60,4,24,43,20,18,98,1678
2_24359,17/10/2014 08:04:10,5,1,315,12,11,6,18,3,12,3,18,651
2_24173,17/09/2014 23:22:27,5,1.86484322334776,394,16,44,3,24,30,13,26,37,873
2_22914,12/09/2014 19:06:39,5,3.35230107885996,812,21,60,4,24,43,20,18,98,1691
2_24779,19/08/2014 12:54:01,5,2.00003606602355,180,3,16,1,3,11,0,3,15,410
2_24559,18/09/2014 23:16:18,5,2.37851939151304,274,9,20,2,7,13,3,9,28,663
2_24360,17/10/2014 15:35:16,5,1.92200170638801,325,9,13,3,12,3,11,5,18,677
2_23028,12/10/2014 11:27:25,5,4.14885822027893,683,6,30,1,12,13,6,16,54,1427
2_24567,18/09/2014 17:50:12,5,1,322,7,20,4,17,3,6,3,21,662
2_24558,18/09/2014 19:23:45,5,2.11784037237179,383,8,32,3,15,14,11,13,35,786
2_24610,18/09/2014 09:28:10,5,1.71460309874027,340,17,32,7,16,12,5,3,29,707
2_25287,21/06/2014 02:27:14,5,2.00001803334989,168,0,12,0,3,9,0,5,19,333
2_24754,19/08/2014 17:33:38,5,3.48542270521974,335,22,48,11,11,22,7,14,39,724
2_24752,19/08/2014 21:15:04,5,3.7198887468639,352,5,37,5,6,13,8,5,30,726
2_23605,15/09/2014 21:01:09,5,2.03652821885731,714,28,29,6,39,21,13,6,82,1613
2_25178,20/09/2014 12:32:19,5,2.16993201448233,254,7,11,3,6,2,6,3,28,532
2_24378,17/10/2014 18:01:40,5,2.65207810179643,364,7,24,6,12,16,9,7,35,772
2_25794,22/10/2014 19:28:51,5,2.00001803334989,123,7,4,4,8,5,9,3,15,276
2_24582,18/09/2014 09:34:38,5,1.77219843358131,370,18,27,4,24,18,16,10,46,840
2_25782,22/10/2014 14:49:36,5,5,221,6,7,0,7,3,2,2,20,422
2_24611,18/09/2014 20:43:34,5,1.2872875217869,411,24,33,12,24,16,12,13,32,871
2_25783,22/10/2014 18:01:37,5,5,242,3,18,1,6,11,5,3,33,487
2_24214,17/09/2014 17:36:29,5,2.38807233359495,603,14,35,4,23,18,16,7,55,1326
2_23605,15/09/2014 21:01:09,5,2.03652821885731,714,28,29,6,39,21,13,6,82,1613
2_24842,19/09/2014 16:01:15,5,4.08245544180282,367,6,30,3,5,18,6,11,39,791
2_25236,20/10/2014 13:20:04,5,3,225,1,18,0,3,9,1,8,16,533
2_26419,25/06/2014 14:59:02,5,1.4150855875106,169,4,15,1,3,2,2,2,12,366
2_24841,19/09/2014 15:09:33,5,3.66741994625735,328,5,21,2,5,12,5,8,32,677
2_24840,19/09/2014 16:01:15,5,4.07038366019226,354,4,25,3,4,18,6,11,40,747
2_26669,26/06/2014 11:24:25,5,1.41506154379545,158,7,15,2,11,3,6,4,18,335
2_26590,25/09/2014 13:45:38,5,1,147,6,13,0,5,5,4,3,7,335
2_25703,22/09/2014 17:07:32,5,2.36528716671018,327,13,24,3,12,18,8,10,32,724
2_25256,20/10/2014 19:21:22,5,3.16992399957667,386,8,24,6,8,16,6,10,30,769
2_26420,25/06/2014 19:15:58,5,5,232,6,23,3,6,3,3,2,15,479
2_25197,20/10/2014 23:50:52,5,1.20859451343748,372,8,23,2,6,13,14,4,45,760
2_26669,26/06/2014 11:24:25,5,1.41506154379545,158,7,15,2,11,3,6,4,18,335
2_25839,22/10/2014 18:20:48,5,1.12554836911101,320,2,20,4,7,7,4,8,27,675
2_25299,21/08/2014 18:21:26,5,3.32192569041366,424,16,38,8,13,25,6,16,60,879
2_26161,24/08/2014 17:25:45,5,2.71620927419136,374,2,14,1,4,5,0,3,20,749
2_26667,26/06/2014 21:54:24,5,1,197,4,8,3,5,2,2,2,18,483
2_24214,17/09/2014 17:36:29,5,2.38807233359495,603,14,35,4,23,18,16,7,55,1326
2_26670,26/06/2014 00:01:27,5,5,236,4,22,2,6,3,2,1,16,482
2_25982,23/09/2014 11:52:12,5,1,321,19,35,5,21,4,18,4,20,727
2_26410,25/06/2014 17:31:59,5,1,362,24,29,6,20,17,12,7,50,712
2_26856,26/09/2014 12:21:43,5,1.67808272523077,224,8,14,5,9,4,6,4,23,480
2_26484,25/08/2014 23:18:08,5,5,366,4,22,1,9,15,3,7,24,757
2_26191,24/08/2014 15:02:10,5,2.81800302836771,408,2,31,2,5,13,4,6,32,836
2_26617,25/09/2014 19:25:20,5,1,330,15,23,11,36,8,9,9,25,716
2_24839,19/09/2014 16:32:36,5,1,652,23,43,9,22,17,9,12,53,1456
2_27124,28/08/2014 05:13:16,5,3,187,2,15,0,3,9,0,10,23,390
2_26688,26/06/2014 21:54:15,5,3.06140028330746,364,5,16,2,7,9,7,4,19,753
2_26688,26/06/2014 21:54:15,5,3.06140028330746,364,5,16,2,7,9,7,4,19,753
2_26791,26/08/2014 17:31:43,5,3.10691441123281,316,3,21,1,8,11,3,6,16,661
2_27251,29/04/2014 05:09:58,5,1,199,2,12,3,7,4,7,3,14,432
2_26792,26/08/2014 17:31:43,5,3.10691441123281,315,3,21,1,7,11,3,6,16,667
2_26689,26/06/2014 21:54:15,5,3.06140028330746,364,5,16,2,7,9,7,4,19,753
2_26689,26/06/2014 21:54:15,5,3.06140028330746,364,5,16,2,7,9,7,4,19,753
2_27089,28/04/2014 23:59:58,5,3.41503406431928,217,5,12,1,4,3,2,2,8,540
2_27017,27/08/2014 13:48:06,5,2.89308558876719,349,6,15,3,7,19,16,5,30,678
2_27432,29/08/2014 00:08:46,5,3.8479776710699,244,5,13,2,6,7,4,3,10,494
2_27558,30/04/2014 18:57:02,5,3,214,1,23,0,1,5,1,2,9,450
2_27553,30/04/2014 00:24:45,5,4.45940866706196,247,11,27,2,11,18,7,4,27,528
2_28150,14/05/2014 12:53:54,5,5,111,0,4,0,1,2,0,1,11,273
2_26732,26/08/2014 13:09:23,5,3.41503599647699,468,8,22,5,10,12,6,6,45,949
2_27057,28/04/2014 18:46:44,5,1.15870641332679,382,6,43,3,17,25,5,27,51,858
2_27409,29/08/2014 06:15:08,5,2.22240100870981,307,4,22,1,11,2,10,5,25,650
2_27758,30/09/2014 18:00:33,5,2.16993201448233,247,5,5,3,9,6,4,1,31,506
2_27473,29/08/2014 19:18:22,5,3.44056987957002,287,4,19,1,3,18,1,7,19,636
2_28251,15/05/2014 17:08:27,5,1.0000240445834,185,6,11,0,10,3,7,0,18,385
2_26956,27/06/2014 13:41:16,5,2.17345446204042,548,13,19,8,25,10,16,7,36,1133
2_27127,28/08/2014 18:23:02,5,3.24100709063038,485,7,39,1,18,18,6,3,43,927
2_28027,13/05/2014 17:31:41,5,1.91754231874383,366,16,40,2,10,15,4,21,35,787
2_28020,13/05/2014 11:22:18,5,1,413,34,30,11,45,17,21,9,39,865
2_28041,13/05/2014 23:59:19,5,2.63076890506295,311,3,20,1,6,4,4,4,19,725
2_28301,15/05/2014 23:16:59,5,2.16993201448233,271,3,16,0,8,11,0,5,19,526
2_28242,15/05/2014 13:53:32,5,1.73697120462043,313,19,30,4,26,7,12,8,38,645
2_27029,27/08/2014 15:30:23,5,2.12553361445203,565,14,29,9,19,20,17,8,35,1184
2_24753,19/08/2014 19:31:37,5,3.46505230531356,1181,30,107,19,35,49,31,29,93,2596
2_28437,18/05/2014 18:15:33,5,1.92961445058167,258,7,15,4,18,9,7,2,17,523
2_28061,13/05/2014 09:59:55,5,1,335,21,18,5,23,11,21,5,39,689
2_26802,26/08/2014 13:09:23,5,3.35989488336591,596,11,27,7,17,18,6,9,61,1199
2_28306,15/05/2014 17:27:40,5,1.39232665425114,327,14,24,4,28,7,7,5,36,692
2_28413,17/05/2014 02:48:56,5,1,257,15,13,7,17,6,12,6,34,506
2_28741,21/05/2014 13:01:00,5,3.66295172501279,200,4,12,0,3,19,15,0,15,441
2_28714,21/05/2014 17:06:55,5,2.16993201448233,228,11,28,0,10,13,9,9,27,450
2_28149,14/05/2014 19:02:12,5,1,430,22,27,5,32,11,19,4,49,898
2_28742,21/05/2014 18:24:34,5,2.53052396456014,230,3,16,0,2,19,15,0,16,488
2_28519,19/05/2014 22:15:19,5,1.17558450630289,289,3,10,2,5,4,6,1,20,574
2_28306,15/05/2014 17:27:40,5,1.39232665425114,327,14,24,4,28,7,7,5,36,692
2_29219,28/05/2014 09:53:54,5,3,145,4,13,1,2,4,2,4,10,319
2_28350,16/05/2014 22:52:24,5,1,312,17,23,5,28,10,18,9,24,716
2_28798,22/05/2014 17:18:47,5,1.67807911854576,281,7,24,3,10,14,7,2,27,536
2_29066,26/05/2014 22:45:15,5,2.58496851186283,210,5,14,2,4,4,2,3,28,440
2_28152,14/05/2014 16:21:44,5,1,371,20,21,14,27,17,22,8,29,838
2_28848,22/05/2014 00:01:23,5,1.04581037950334,288,22,13,11,26,5,16,7,34,556
2_28151,14/05/2014 18:59:09,5,1,450,18,34,3,26,11,17,9,37,951
2_28354,16/05/2014 18:09:09,5,1.66743110428901,398,21,23,7,31,18,23,7,43,842
2_29193,28/05/2014 06:26:37,5,2.39232214585027,202,5,6,1,4,4,3,5,13,478
2_28464,18/05/2014 14:31:18,5,3.19264378983045,352,11,27,3,10,9,8,1,42,696
2_29093,27/05/2014 17:02:33,5,1,286,12,16,7,19,16,11,5,41,575
2_29550,08/05/2014 17:43:22,5,2.58496851186283,197,4,14,2,7,11,0,8,14,400
2_29551,08/05/2014 17:43:22,5,2.58496851186283,196,4,14,2,7,11,0,8,14,400
2_27405,29/08/2014 17:00:57,5,2.28910959293723,748,10,35,8,15,14,8,6,46,1532
2_29006,26/05/2014 15:33:55,5,3.41503148813717,384,3,22,0,9,6,3,4,31,773
2_29068,27/05/2014 14:27:48,5,1,308,22,19,14,28,7,14,4,33,668
2_28918,23/05/2014 19:09:52,5,5,318,5,20,2,13,10,4,4,24,719
2_29309,29/05/2014 20:19:52,5,1,259,22,22,6,28,7,5,3,24,526
2_28712,21/05/2014 18:09:17,5,1,408,26,24,6,31,15,18,14,32,911
2_29250,29/05/2014 19:33:04,5,3.82596202485637,389,8,17,4,6,12,2,4,23,791
2_29561,08/05/2014 17:37:21,5,1.91254193235102,260,3,23,2,10,13,8,14,33,550
2_29675,09/05/2014 20:01:41,5,3,235,8,23,2,14,5,12,4,19,450
2_29533,08/05/2014 22:45:40,5,2.33703941657434,356,7,28,2,8,31,21,12,34,727
2_29430,07/05/2014 18:05:16,5,3.39231527592296,297,6,35,0,8,21,13,6,29,628
2_28997,25/05/2014 15:00:49,5,5,433,6,30,4,13,17,4,8,36,962
2_29250,29/05/2014 19:33:04,5,3.82596202485637,389,8,17,4,6,12,2,4,23,791
2_29249,29/05/2014 00:21:37,5,3.18057167988083,412,6,32,3,6,30,21,14,26,869
3_10309,02/11/2014 12:12:32,5,3.32192448819034,260,1,15,3,4,7,12,3,17,590
2_29617,08/05/2014 17:51:15,5,3.24792608973957,333,8,41,2,15,22,6,9,39,703
3_10808,04/11/2014 17:16:31,5,4.22237868154725,199,3,8,2,7,11,2,5,17,419
2_29628,08/05/2014 13:16:16,5,2.24961717095207,392,5,34,2,3,7,8,6,28,821
3_10016,01/01/2015 19:05:26,5,1,260,14,14,5,20,5,9,2,24,569
3_10311,02/11/2014 16:20:14,5,3.70043625014167,337,9,33,2,15,16,8,12,40,689
3_10343,02/12/2014 16:52:49,5,2.25677794068063,327,13,19,2,21,9,9,4,22,682
3_11246,06/01/2015 14:00:45,5,3,172,4,11,1,4,3,3,1,13,355
3_11247,06/01/2015 14:00:45,5,3,172,4,11,1,4,3,3,1,13,356
3_10857,04/12/2014 18:13:04,5,1.67808152300477,272,7,14,1,9,11,5,1,15,582
3_10500,03/11/2014 17:58:42,5,2.87447021085741,299,1,32,3,3,11,1,2,31,690
2_29069,27/05/2014 11:37:48,5,3.04890943465449,588,7,33,4,7,11,7,10,38,1248
2_29635,09/05/2014 00:02:15,5,2.07039259111833,426,8,47,9,16,22,20,27,49,860
3_10765,04/11/2014 17:47:03,5,4.34791534054355,337,6,20,5,8,10,8,5,28,683
3_10467,03/11/2014 17:22:22,5,2.19265280658992,345,6,25,1,12,14,9,2,29,730
3_10766,04/11/2014 17:47:03,5,4.34791534054355,337,6,20,5,8,10,8,5,28,683
3_11253,06/01/2015 05:50:44,5,1.63078092737134,207,3,19,4,6,5,3,2,16,496
3_11231,06/01/2015 07:10:55,5,2.85798192789841,324,5,11,1,8,6,7,3,22,647
3_11331,06/11/2014 01:42:21,5,1,219,8,13,7,12,2,6,4,9,430
3_11332,06/11/2014 01:42:21,5,1,219,8,13,7,12,2,6,4,9,431
3_10928,05/01/2015 15:47:51,5,1.9372675870551,357,10,24,9,15,9,18,10,50,721
3_11268,06/01/2015 23:29:34,5,3.08746231085097,273,6,18,3,9,9,6,2,16,626
3_11267,06/01/2015 23:29:34,5,3.08746231085097,271,6,18,3,9,9,6,2,16,623
3_10960,05/01/2015 12:40:27,5,2.76867538316197,357,14,29,9,13,19,11,13,31,770
3_10544,03/11/2014 18:19:40,5,2.0347687693566,458,17,19,8,42,20,6,7,48,970
3_11042,05/11/2014 03:38:03,5,3.048909476111,402,14,11,7,26,10,6,2,33,809
3_10560,03/12/2014 17:15:14,5,2.25634245597301,521,10,34,5,15,17,34,8,64,1105
3_11692,08/01/2015 14:01:05,5,4.09952468170385,237,6,21,1,4,21,13,7,20,509
3_11459,07/01/2015 13:20:25,5,3.04064175549942,287,8,18,2,12,9,10,4,29,669
3_11323,06/03/2015 15:36:04,5,2.62560692786075,386,10,30,9,15,14,9,8,36,879
3_11622,07/11/2014 03:34:04,5,1.88454220312005,278,2,19,1,5,7,4,4,18,629
3_12100,09/12/2014 07:43:28,5,5,224,0,17,1,7,9,4,7,38,485
3_11836,08/12/2014 19:57:37,5,1,242,8,6,4,11,1,20,0,19,567
3_11566,07/11/2014 13:19:45,5,1,347,20,21,7,22,11,8,10,27,738
3_11679,08/01/2015 04:07:31,5,3.37196491995381,284,6,19,1,16,5,2,3,13,574
3_11131,05/12/2014 15:06:55,5,2.47876552722426,451,4,17,2,9,6,7,3,44,945
3_12170,10/11/2014 23:35:57,5,3,175,0,10,2,0,7,0,2,14,366
3_11697,08/01/2015 13:39:34,5,1.03257936723675,346,16,22,3,18,9,13,11,45,786
3_12475,11/11/2014 22:53:13,5,2.81942945163049,252,6,23,2,4,13,10,3,23,517
3_11576,07/11/2014 18:18:06,5,2.32757633763243,455,15,36,7,16,22,14,13,51,998
3_12197,10/11/2014 17:28:53,5,1.83008000789286,374,18,22,9,23,13,10,15,54,762
3_11653,07/12/2014 17:10:42,5,1.80735955927262,469,21,25,5,16,22,11,7,47,963
3_12341,11/01/2015 18:08:47,5,2.87446948223201,297,8,19,2,19,9,10,4,20,593
3_12323,10/12/2014 12:39:48,5,1.887235853162,344,18,24,6,22,18,12,12,35,740
3_11868,08/12/2014 19:31:20,5,2.40276105045273,350,14,17,6,19,12,18,8,32,720
3_12118,09/12/2014 22:18:07,5,2.36257294186181,228,5,7,2,14,7,15,6,33,525
3_12248,10/12/2014 09:33:26,5,3.39231581263469,375,11,24,4,15,16,9,9,34,850
3_12478,11/11/2014 16:30:53,5,2.15200950537314,283,8,23,1,8,28,17,9,30,576
3_12511,11/12/2014 07:14:36,5,1,264,12,7,4,15,11,8,5,23,569
3_12420,11/11/2014 19:40:08,5,1.77762131845275,283,9,15,4,9,7,4,6,51,604
3_12738,12/11/2014 23:34:11,5,1.5849775286223,229,1,21,1,4,5,3,1,25,436
3_12353,11/01/2015 16:59:01,5,4.12552614598471,357,13,19,8,13,17,13,11,26,782
3_13295,15/01/2015 19:06:24,5,3.05889320815915,147,3,8,0,4,1,1,1,5,299
3_11998,09/11/2014 13:18:44,5,1,553,16,43,4,15,32,4,18,75,1199
3_13005,13/11/2014 01:11:37,5,2.00000901675947,314,1,33,1,4,9,9,2,32,598
3_12654,12/02/2015 17:17:27,5,1,367,13,28,0,21,11,7,5,29,768
3_12752,12/11/2014 18:09:27,5,2.97490914995255,320,1,28,1,6,32,31,3,19,706
3_12654,12/02/2015 17:17:27,5,1,367,13,28,0,21,11,7,5,29,768
3_12734,12/11/2014 11:48:55,5,1,424,12,14,8,30,8,9,6,42,877
3_13122,14/11/2014 11:41:02,5,2.41504032807878,270,13,16,7,18,10,8,8,18,548
3_13055,14/01/2015 14:01:57,5,5,281,0,23,0,1,9,3,4,22,598
3_12792,12/12/2014 00:02:40,5,1,455,17,18,5,20,15,12,8,42,962
3_11619,07/11/2014 20:32:46,5,1.80122291154086,858,21,41,15,37,27,23,20,99,1737
3_13655,17/01/2015 22:57:23,5,3.41503449368609,222,4,25,1,4,9,2,1,21,453
3_13382,15/12/2014 17:49:42,5,1,252,11,11,3,13,5,8,5,24,533
3_13842,18/01/2015 16:46:54,5,1.69515552129455,212,3,7,6,10,3,7,3,15,466
3_13294,15/01/2015 17:56:53,5,5,253,1,18,1,0,8,0,6,40,520
3_13145,14/11/2014 01:15:07,5,1,393,16,23,6,23,3,14,6,33,775
3_13619,16/12/2014 17:46:57,5,1.88452925617224,285,4,22,3,6,12,13,3,26,587
3_13523,16/11/2014 19:00:05,5,4.05888743741361,292,1,20,2,6,10,5,1,24,589
3_13928,18/11/2014 16:59:36,5,5,192,1,18,2,4,7,1,6,15,403
3_13278,15/01/2015 00:01:05,5,2.42968713028389,318,16,20,7,19,15,14,11,47,694
3_13927,18/11/2014 15:19:12,5,5,165,1,13,2,4,7,1,6,11,346
3_12183,10/11/2014 18:07:42,5,3.7369559763275,205,5,14,0,1,10,1,4,16,442
3_14140,19/11/2014 16:04:48,5,2.34792705065825,190,13,13,7,15,8,14,4,16,392
3_13493,16/01/2015 17:08:06,5,4.28010185747943,462,11,42,1,13,9,6,7,29,915
3_14235,19/12/2014 04:51:51,5,1,269,25,13,15,25,2,5,1,22,556
3_14413,20/11/2014 17:52:37,5,3.58495648955444,200,3,13,3,3,5,3,1,13,420
3_14236,19/12/2014 02:55:59,5,1,252,24,10,14,24,2,4,2,19,521
3_13909,18/11/2014 06:58:11,5,1,268,22,11,8,25,6,11,5,17,581
3_13113,14/11/2014 17:55:54,5,1,633,24,41,4,25,23,15,13,45,1312
3_14486,21/11/2014 18:23:04,5,1,241,13,18,3,11,4,5,4,25,561
3_14513,21/11/2014 18:23:04,5,1,241,13,18,3,11,4,5,4,24,561
3_13854,18/01/2015 15:25:06,5,1.69744151905786,493,11,27,4,12,18,13,6,31,1009
3_15181,25/11/2014 19:33:27,5,3.84799049462686,188,3,12,1,3,11,9,4,18,437
3_14908,23/12/2014 18:36:11,5,2.34792517704475,244,8,14,3,12,13,12,10,25,524
3_12843,12/12/2014 20:23:56,5,1.59012806187682,685,29,31,7,27,21,18,14,55,1463
3_13887,18/02/2015 18:21:49,5,2.00000901675947,401,6,17,1,8,3,6,4,19,842
3_15199,25/11/2014 18:09:28,5,1,240,13,26,3,15,6,15,6,31,531
3_15074,24/12/2014 17:48:31,5,1,303,15,17,4,14,9,5,5,19,656
3_13114,14/11/2014 15:37:25,5,1,633,24,41,3,25,23,14,13,45,1312
3_14837,23/11/2014 18:18:01,5,1.61753671552162,332,11,22,4,16,13,11,2,40,664
3_15112,25/11/2014 18:26:19,5,4.39230625916349,375,3,39,0,12,18,8,5,28,763
3_15615,28/10/2014 04:04:29,5,4.32191943877771,219,6,6,1,5,4,0,5,11,456
3_12417,11/11/2014 18:39:41,5,2.98787647148139,978,17,54,3,17,38,15,19,63,2216
3_15931,29/12/2014 19:56:53,5,1,126,3,3,1,4,0,1,6,6,264
3_15073,24/12/2014 17:48:31,5,1,295,18,17,5,17,12,8,7,22,641
3_15503,27/11/2014 18:00:40,5,1,285,10,19,2,10,5,8,6,39,611
3_15505,27/11/2014 18:00:40,5,1,286,10,19,2,9,5,8,6,39,613
3_15264,26/11/2014 18:31:50,5,1,377,13,17,3,16,6,10,3,38,754
3_16031,30/10/2014 16:17:45,5,2.0000072134211,163,6,15,0,6,10,2,6,20,367
3_15201,25/11/2014 23:27:33,5,1.07754401048564,336,14,28,7,18,5,18,6,40,702
3_15232,26/02/2015 14:01:37,5,2.94753296176844,387,6,14,1,12,10,4,2,24,799
3_15879,29/10/2014 18:40:45,5,1,256,8,9,4,11,6,5,6,30,549
3_14913,23/12/2014 17:42:56,5,2.03953405044976,353,7,15,1,19,12,12,3,36,755
3_15633,28/10/2014 19:37:57,5,1,261,16,16,6,11,9,8,8,24,561
3_15506,27/11/2014 14:08:02,5,1,374,21,16,11,16,10,6,5,21,727
3_16195,30/12/2014 00:01:08,5,4.41501746215384,213,4,13,2,5,9,2,6,19,459
3_16077,30/11/2014 17:39:37,5,2.658965106988,280,3,22,0,2,5,3,1,30,613
3_16161,30/12/2014 19:33:06,5,1.17403881591159,266,12,10,4,16,6,11,7,17,550
3_16100,30/11/2014 17:39:37,5,2.658965106988,280,3,22,0,2,5,3,1,30,613
3_16298,31/12/2014 23:07:10,5,3.73695918224524,223,3,12,1,2,12,11,3,20,470
3_16142,30/12/2014 10:08:06,5,1.35231156647063,310,8,9,3,11,3,5,9,18,668
3_16058,30/10/2014 15:30:11,5,1.92785603371271,382,10,32,5,17,20,10,9,23,773
3_13973,18/11/2014 17:46:29,5,2.85704247147952,682,18,49,3,21,20,6,8,47,1340
3_12545,11/12/2014 16:00:41,5,2.40922105407993,1194,43,99,13,44,61,31,25,101,2497
3_16237,31/10/2014 22:12:34,5,2.5405708404887,347,5,20,1,9,14,5,7,28,767
3_12545,11/12/2014 16:00:41,5,2.40922105407993,1194,43,99,13,44,61,31,25,101,2497
3_14731,22/12/2014 19:10:36,5,2.67807256088177,922,14,80,9,18,45,17,16,81,1947
3_15782,28/11/2014 18:17:23,5,2.40846617485959,727,17,55,7,18,40,24,22,77,1581
3_16242,31/10/2014 12:39:16,5,2.41750649217855,1128,32,61,15,41,49,29,24,77,2585
3_15924,29/12/2014 12:29:39,5,1.91360107246282,2196,82,135,24,68,88,49,48,154,4810
